{
    "input_folder": {
        "foreground_mean": {
            "Dice": 0.7415794695377815,
            "FN": 9852.582608695651,
            "FP": 5056.6,
            "IoU": 0.6243019034712395,
            "TN": 69693293.87826087,
            "TP": 28939.478260869564,
            "n_pred": 33996.078260869566,
            "n_ref": 38792.06086956522
        },
        "mean": {
            "1": {
                "Dice": 0.7415794695377815,
                "FN": 9852.582608695651,
                "FP": 5056.6,
                "IoU": 0.6243019034712395,
                "TN": 69693293.87826087,
                "TP": 28939.478260869564,
                "n_pred": 33996.078260869566,
                "n_ref": 38792.06086956522
            }
        }
    },
    "postprocessed": {
        "foreground_mean": {
            "Dice": 0.7420182054193045,
            "FN": 9978.721739130435,
            "FP": 4284.24347826087,
            "IoU": 0.6303836908103743,
            "TN": 69694066.2347826,
            "TP": 28813.339130434782,
            "n_pred": 33097.58260869565,
            "n_ref": 38792.06086956522
        },
        "mean": {
            "1": {
                "Dice": 0.7420182054193045,
                "FN": 9978.721739130435,
                "FP": 4284.24347826087,
                "IoU": 0.6303836908103743,
                "TN": 69694066.2347826,
                "TP": 28813.339130434782,
                "n_pred": 33097.58260869565,
                "n_ref": 38792.06086956522
            }
        }
    },
    "postprocessing_fns": [
        "remove_all_but_largest_component_from_segmentation"
    ],
    "postprocessing_kwargs": [
        {
            "labels_or_regions": [
                1
            ]
        }
    ]
}