{
    "pca_n_components_95": 62,
    "silhouette_scores": {
        "2": 0.2038610428571701,
        "3": 0.2012275606393814,
        "4": 0.09674522280693054,
        "5": 0.11185448616743088,
        "6": 0.09446953237056732,
        "7": 0.0944691002368927,
        "8": 0.059670500457286835,
        "9": 0.04384768009185791,
        "10": 0.0840541422367096
    },
    "best_n_clusters": 2,
    "best_silhouette_score": 0.2038610428571701
}