{
    "foreground_intensity_properties_per_channel": {
        "0": {
            "max": 2750.0,
            "mean": -292.26348876953125,
            "median": -205.0,
            "min": -1270.0,
            "percentile_00_5": -1024.0,
            "percentile_99_5": 308.0,
            "std": 352.5594787597656
        }
    },
    "median_relative_size_after_cropping": 1.0,
    "shapes_after_crop": [
        [
            269,
            512,
            512
        ],
        [
            288,
            512,
            512
        ],
        [
            276,
            512,
            512
        ],
        [
            329,
            512,
            512
        ],
        [
            567,
            512,
            512
        ],
        [
            241,
            512,
            512
        ],
        [
            373,
            512,
            512
        ],
        [
            301,
            512,
            512
        ],
        [
            265,
            512,
            512
        ],
        [
            589,
            512,
            512
        ],
        [
            277,
            512,
            512
        ],
        [
            228,
            512,
            512
        ],
        [
            580,
            512,
            512
        ],
        [
            273,
            512,
            512
        ],
        [
            129,
            512,
            512
        ],
        [
            314,
            512,
            512
        ],
        [
            235,
            512,
            512
        ],
        [
            483,
            512,
            512
        ],
        [
            376,
            512,
            512
        ],
        [
            227,
            512,
            512
        ],
        [
            251,
            512,
            512
        ],
        [
            271,
            512,
            512
        ],
        [
            304,
            512,
            512
        ],
        [
            300,
            512,
            512
        ],
        [
            260,
            512,
            512
        ],
        [
            296,
            512,
            512
        ],
        [
            322,
            512,
            512
        ],
        [
            125,
            512,
            512
        ],
        [
            125,
            512,
            512
        ],
        [
            316,
            512,
            512
        ],
        [
            285,
            512,
            512
        ],
        [
            240,
            512,
            512
        ],
        [
            125,
            512,
            512
        ],
        [
            129,
            512,
            512
        ],
        [
            282,
            512,
            512
        ],
        [
            252,
            512,
            512
        ],
        [
            226,
            512,
            512
        ],
        [
            636,
            512,
            512
        ],
        [
            322,
            512,
            512
        ],
        [
            291,
            512,
            512
        ],
        [
            224,
            512,
            512
        ],
        [
            119,
            512,
            512
        ],
        [
            252,
            512,
            512
        ],
        [
            242,
            512,
            512
        ],
        [
            112,
            512,
            512
        ],
        [
            218,
            512,
            512
        ],
        [
            211,
            512,
            512
        ],
        [
            243,
            512,
            512
        ],
        [
            248,
            512,
            512
        ],
        [
            128,
            512,
            512
        ],
        [
            241,
            512,
            512
        ],
        [
            300,
            512,
            512
        ],
        [
            261,
            512,
            512
        ],
        [
            242,
            512,
            512
        ],
        [
            216,
            512,
            512
        ],
        [
            493,
            512,
            512
        ],
        [
            369,
            512,
            512
        ],
        [
            423,
            512,
            512
        ],
        [
            271,
            512,
            512
        ],
        [
            115,
            512,
            512
        ],
        [
            251,
            512,
            512
        ],
        [
            450,
            512,
            512
        ],
        [
            249,
            512,
            512
        ],
        [
            134,
            512,
            512
        ],
        [
            267,
            512,
            512
        ],
        [
            241,
            512,
            512
        ],
        [
            252,
            512,
            512
        ],
        [
            267,
            512,
            512
        ],
        [
            368,
            512,
            512
        ],
        [
            218,
            512,
            512
        ],
        [
            245,
            512,
            512
        ],
        [
            245,
            512,
            512
        ],
        [
            228,
            512,
            512
        ],
        [
            241,
            512,
            512
        ],
        [
            231,
            512,
            512
        ],
        [
            212,
            512,
            512
        ],
        [
            248,
            512,
            512
        ],
        [
            230,
            512,
            512
        ],
        [
            305,
            512,
            512
        ],
        [
            254,
            512,
            512
        ],
        [
            243,
            512,
            512
        ],
        [
            259,
            512,
            512
        ],
        [
            133,
            512,
            512
        ],
        [
            268,
            512,
            512
        ],
        [
            251,
            512,
            512
        ],
        [
            280,
            512,
            512
        ],
        [
            233,
            512,
            512
        ],
        [
            250,
            512,
            512
        ],
        [
            226,
            512,
            512
        ],
        [
            245,
            512,
            512
        ],
        [
            223,
            512,
            512
        ],
        [
            222,
            512,
            512
        ],
        [
            211,
            512,
            512
        ],
        [
            228,
            512,
            512
        ],
        [
            242,
            512,
            512
        ],
        [
            234,
            512,
            512
        ],
        [
            237,
            512,
            512
        ],
        [
            222,
            512,
            512
        ],
        [
            251,
            512,
            512
        ],
        [
            266,
            512,
            512
        ],
        [
            327,
            512,
            512
        ],
        [
            301,
            512,
            512
        ],
        [
            259,
            512,
            512
        ],
        [
            292,
            512,
            512
        ],
        [
            157,
            512,
            512
        ],
        [
            138,
            512,
            512
        ],
        [
            346,
            512,
            512
        ],
